               epoch,      train/box_loss,      train/obj_loss,      train/cls_loss,   metrics/precision,      metrics/recall,     metrics/mAP_0.5,metrics/mAP_0.5:0.95,        val/box_loss,        val/obj_loss,        val/cls_loss,               x/lr0,               x/lr1,               x/lr2
                   0,             0.11061,            0.052555,                   0,           0.0038095,             0.14545,           0.0023473,          0.00041762,             0.10579,            0.032408,                   0,              0.0982,              0.0002,              0.0002
                   1,             0.10813,            0.054209,                   0,           0.0041667,             0.18182,           0.0024844,          0.00055355,             0.10149,            0.033648,                   0,            0.095498,          0.00049835,          0.00049835
                   2,             0.10474,            0.055693,                   0,              0.0075,             0.16364,           0.0064201,           0.0016992,            0.096655,            0.035015,                   0,            0.092795,          0.00079472,          0.00079472
                   3,             0.10081,            0.060187,                   0,           0.0083333,             0.36364,           0.0058111,           0.0012656,            0.092112,            0.036211,                   0,            0.090089,           0.0010891,           0.0010891
                   4,             0.09756,            0.053916,                   0,           0.0066667,             0.47273,           0.0051184,           0.0012187,             0.08835,             0.03754,                   0,            0.087382,           0.0013815,           0.0013815
                   5,            0.095289,            0.060177,                   0,           0.0059524,             0.45455,           0.0052271,           0.0012314,            0.085375,             0.03796,                   0,            0.084672,            0.001672,            0.001672
                   6,            0.093302,            0.059551,                   0,           0.0059524,             0.45455,           0.0052703,           0.0013672,            0.083086,            0.038177,                   0,             0.08196,           0.0019604,           0.0019604
                   7,             0.09178,             0.06008,                   0,           0.0066667,             0.50909,           0.0064307,           0.0016476,            0.081035,            0.038864,                   0,            0.079247,           0.0022469,           0.0022469
                   8,            0.090795,             0.06285,                   0,           0.0066667,             0.50909,           0.0064307,           0.0016255,            0.079253,            0.039452,                   0,            0.076531,           0.0025314,           0.0025314
                   9,            0.090703,            0.062425,                   0,           0.0066667,             0.50909,           0.0060494,           0.0014956,             0.07792,             0.03936,                   0,            0.073814,           0.0028139,           0.0028139
                  10,            0.090743,            0.060432,                   0,           0.0066667,             0.50909,            0.006117,           0.0015031,            0.076935,            0.039703,                   0,            0.071094,           0.0030944,           0.0030944
                  11,            0.088708,            0.060909,                   0,            0.007381,             0.56364,           0.0084276,           0.0020515,            0.076004,            0.039501,                   0,            0.068373,           0.0033729,           0.0033729
                  12,            0.089117,            0.060913,                   0,           0.0069048,             0.52727,           0.0066437,           0.0014951,            0.075308,            0.039764,                   0,             0.06565,           0.0036495,           0.0036495
                  13,            0.088408,             0.06389,                   0,           0.0071429,             0.54545,           0.0082169,           0.0017886,            0.074658,            0.040001,                   0,            0.062924,           0.0039241,           0.0039241
                  14,             0.08719,            0.064116,                   0,           0.0071429,             0.54545,           0.0081423,           0.0017856,            0.074171,            0.040199,                   0,            0.060197,           0.0041967,           0.0041967
                  15,            0.086725,            0.065591,                   0,            0.007381,             0.56364,           0.0077821,           0.0017635,            0.073628,             0.04039,                   0,            0.057467,           0.0044673,           0.0044673
                  16,            0.086726,            0.053673,                   0,           0.0080952,             0.61818,           0.0095345,           0.0018782,            0.073028,            0.040699,                   0,            0.054736,            0.004736,            0.004736
                  17,             0.08653,            0.059751,                   0,            0.007619,             0.58182,           0.0092083,           0.0019283,            0.072658,            0.040413,                   0,            0.052003,           0.0050027,           0.0050027
                  18,            0.085913,            0.063908,                   0,           0.0078571,                 0.6,           0.0088252,           0.0019673,            0.072483,            0.040535,                   0,            0.049267,           0.0052674,           0.0052674
                  19,            0.086245,            0.065667,                   0,            0.007381,             0.56364,           0.0076248,           0.0019251,            0.072618,            0.040489,                   0,             0.04653,           0.0055301,           0.0055301
                  20,            0.085826,            0.059369,                   0,           0.0071429,             0.54545,           0.0078035,           0.0019061,            0.072485,            0.040569,                   0,            0.043791,           0.0057908,           0.0057908
                  21,            0.084992,            0.062557,                   0,           0.0071429,             0.54545,           0.0074741,           0.0018036,            0.072324,            0.040215,                   0,             0.04105,           0.0060495,           0.0060495
                  22,            0.084667,            0.062839,                   0,            0.007381,             0.56364,           0.0077399,            0.001839,             0.07219,            0.040257,                   0,            0.038306,           0.0063063,           0.0063063
                  23,            0.086277,             0.06302,                   0,            0.007619,             0.58182,           0.0078751,            0.001888,            0.072014,            0.040409,                   0,            0.035561,           0.0065611,           0.0065611
                  24,            0.084943,            0.064984,                   0,            0.007619,             0.58182,           0.0085459,           0.0018087,            0.072055,            0.040489,                   0,            0.032814,           0.0068139,           0.0068139
                  25,            0.085128,            0.064425,                   0,           0.0092857,             0.70909,           0.0093316,           0.0019341,            0.072099,            0.040577,                   0,            0.030065,           0.0070648,           0.0070648
                  26,             0.08429,            0.065346,                   0,           0.0090476,             0.69091,           0.0095595,           0.0019741,            0.072031,             0.04068,                   0,            0.027314,           0.0073136,           0.0073136
                  27,            0.083434,             0.06276,                   0,           0.0083333,             0.63636,            0.012075,           0.0028048,            0.071991,            0.040817,                   0,             0.02456,           0.0075605,           0.0075605
                  28,            0.082348,            0.063561,                   0,           0.0097619,             0.74545,            0.011282,           0.0025667,             0.07195,            0.040943,                   0,            0.021805,           0.0078054,           0.0078054
                  29,             0.08231,            0.058359,                   0,                0.01,             0.76364,            0.030282,           0.0067513,             0.07183,            0.041092,                   0,            0.019048,           0.0080483,           0.0080483
                  30,            0.080812,            0.064578,                   0,            0.010238,             0.78182,            0.074853,            0.017486,            0.071653,            0.041233,                   0,            0.016289,           0.0082892,           0.0082892
                  31,            0.080359,            0.061477,                   0,                0.01,             0.76364,            0.092689,            0.028732,            0.071533,            0.041237,                   0,            0.013528,           0.0085281,           0.0085281
                  32,            0.079167,            0.064729,                   0,            0.010476,                 0.8,             0.09544,            0.030358,            0.071489,            0.040981,                   0,            0.010765,           0.0087651,           0.0087651
                  33,            0.078404,            0.059708,                   0,                0.01,             0.76364,             0.11588,            0.034888,            0.071132,            0.041718,                   0,            0.008911,            0.008911,            0.008911
                  34,            0.076964,            0.059425,                   0,           0.0088095,             0.67273,             0.10492,            0.034216,            0.071544,            0.040905,                   0,            0.008911,            0.008911,            0.008911
                  35,            0.076738,            0.061837,                   0,           0.0080952,             0.61818,             0.02989,            0.010265,            0.071961,            0.039192,                   0,            0.008878,            0.008878,            0.008878
                  36,            0.074588,             0.06377,                   0,           0.0071429,             0.54545,           0.0080458,           0.0021575,            0.071947,            0.039516,                   0,            0.008845,            0.008845,            0.008845
                  37,            0.074773,            0.056441,                   0,           0.0078571,                 0.6,           0.0099458,           0.0023652,            0.071725,            0.039623,                   0,            0.008812,            0.008812,            0.008812
                  38,            0.072089,            0.058627,                   0,           0.0078571,                 0.6,           0.0098968,           0.0026485,            0.070829,            0.040485,                   0,            0.008779,            0.008779,            0.008779
                  39,            0.072851,            0.056122,                   0,            0.007619,             0.58182,            0.097674,            0.015707,            0.071239,            0.039597,                   0,            0.008746,            0.008746,            0.008746
                  40,            0.069167,            0.056708,                   0,           0.0080952,             0.61818,            0.031491,           0.0076921,            0.070647,            0.040222,                   0,            0.008713,            0.008713,            0.008713
                  41,            0.070144,            0.058993,                   0,            0.042544,             0.61818,             0.10772,            0.027483,            0.067938,            0.038746,                   0,             0.00868,             0.00868,             0.00868
                  42,            0.070363,            0.053513,                   0,             0.12247,            0.018182,            0.057241,            0.016775,            0.067347,            0.040066,                   0,            0.008647,            0.008647,            0.008647
                  43,            0.066991,            0.056199,                   0,             0.47284,            0.098225,            0.081112,            0.016213,            0.070672,            0.049458,                   0,            0.008614,            0.008614,            0.008614
                  44,            0.067079,            0.059836,                   0,           0.0048254,             0.14545,           0.0032361,          0.00062314,            0.092699,              1.4812,                   0,            0.008581,            0.008581,            0.008581
                  45,             0.06623,            0.055846,                   0,            0.020825,            0.054545,            0.013401,           0.0025537,            0.085956,             0.45619,                   0,            0.008548,            0.008548,            0.008548
                  46,            0.068469,            0.050534,                   0,            0.027422,             0.36364,            0.017677,           0.0052852,            0.071214,            0.087887,                   0,            0.008515,            0.008515,            0.008515
                  47,            0.065917,            0.053561,                   0,            0.063364,             0.21818,            0.049196,             0.01806,            0.065523,            0.055912,                   0,            0.008482,            0.008482,            0.008482
                  48,            0.065436,             0.04926,                   0,           0.0040476,             0.30909,             0.02241,            0.015297,            0.083687,            0.035473,                   0,            0.008449,            0.008449,            0.008449
                  49,            0.065292,            0.049674,                   0,           0.0030952,             0.23636,           0.0030439,          0.00098334,            0.078107,             0.04179,                   0,            0.008416,            0.008416,            0.008416
                  50,            0.062979,            0.051361,                   0,           0.0016667,             0.12727,           0.0010386,          0.00020363,            0.098383,            0.028488,                   0,            0.008383,            0.008383,            0.008383
                  51,            0.063316,            0.048196,                   0,             0.39334,            0.018182,            0.015839,           0.0034639,            0.077561,            0.038437,                   0,             0.00835,             0.00835,             0.00835
                  52,            0.061836,            0.048422,                   0,              0.3199,                 0.2,             0.13903,            0.030323,            0.074477,            0.033813,                   0,            0.008317,            0.008317,            0.008317
                  53,            0.062265,            0.050021,                   0,             0.40584,             0.28574,             0.24014,              0.0852,            0.069942,            0.037064,                   0,            0.008284,            0.008284,            0.008284
                  54,            0.059101,            0.053423,                   0,            0.090066,             0.21818,            0.070634,            0.020097,            0.070425,            0.079315,                   0,            0.008251,            0.008251,            0.008251
                  55,            0.061876,            0.048742,                   0,            0.091442,            0.036364,            0.011081,           0.0045748,            0.076449,            0.042408,                   0,            0.008218,            0.008218,            0.008218
                  56,            0.058531,            0.044621,                   0,            0.038541,             0.10909,            0.010804,           0.0029687,            0.075984,            0.075344,                   0,            0.008185,            0.008185,            0.008185
                  57,            0.058676,            0.046092,                   0,            0.062505,            0.072727,            0.034463,            0.015338,            0.076817,             0.14934,                   0,            0.008152,            0.008152,            0.008152
                  58,            0.057486,            0.051609,                   0,             0.05211,             0.16364,            0.016971,           0.0039307,            0.076443,            0.095192,                   0,            0.008119,            0.008119,            0.008119
                  59,            0.056402,            0.044934,                   0,             0.39524,             0.30909,             0.25257,            0.060472,            0.066004,             0.04417,                   0,            0.008086,            0.008086,            0.008086
                  60,            0.057232,            0.047509,                   0,             0.47363,             0.32727,             0.34503,             0.10271,             0.06288,              0.0336,                   0,            0.008053,            0.008053,            0.008053
                  61,            0.056643,            0.045754,                   0,             0.45151,             0.10909,             0.13453,            0.034611,             0.06631,            0.037418,                   0,             0.00802,             0.00802,             0.00802
                  62,            0.053075,            0.045089,                   0,             0.58346,            0.036364,             0.03591,           0.0069131,            0.079367,            0.040157,                   0,            0.007987,            0.007987,            0.007987
                  63,            0.054976,            0.048352,                   0,              0.6356,            0.036364,            0.038358,             0.01668,            0.073638,            0.043156,                   0,            0.007954,            0.007954,            0.007954
                  64,            0.055139,            0.042215,                   0,             0.28563,            0.072727,            0.072787,             0.02141,            0.069921,            0.040218,                   0,            0.007921,            0.007921,            0.007921
                  65,            0.054074,            0.045264,                   0,            0.041757,                 0.2,            0.024079,           0.0090567,            0.069477,             0.12778,                   0,            0.007888,            0.007888,            0.007888
                  66,            0.050571,            0.044969,                   0,             0.11452,             0.10909,            0.052725,           0.0090768,            0.072439,             0.04998,                   0,            0.007855,            0.007855,            0.007855
                  67,            0.053327,            0.043468,                   0,            0.010435,            0.018182,           0.0025586,          0.00058963,            0.093845,            0.087086,                   0,            0.007822,            0.007822,            0.007822
                  68,             0.05351,            0.044756,                   0,            0.013416,            0.018182,           0.0036135,           0.0010912,            0.085777,             0.12444,                   0,            0.007789,            0.007789,            0.007789
                  69,            0.051162,            0.048623,                   0,             0.10324,            0.036364,            0.020636,           0.0047317,             0.07726,            0.049316,                   0,            0.007756,            0.007756,            0.007756
                  70,            0.052291,            0.046362,                   0,           0.0052381,                 0.4,            0.010512,             0.00213,            0.085913,            0.036606,                   0,            0.007723,            0.007723,            0.007723
                  71,            0.050791,            0.043353,                   0,           0.0045238,             0.34545,           0.0038661,           0.0011586,            0.094235,            0.031616,                   0,             0.00769,             0.00769,             0.00769
                  72,            0.047822,            0.040807,                   0,            0.038753,            0.018182,           0.0029801,          0.00064303,             0.09943,            0.032162,                   0,            0.007657,            0.007657,            0.007657
                  73,            0.052044,            0.044782,                   0,            0.016674,            0.036364,           0.0033117,          0.00067416,            0.087186,            0.047951,                   0,            0.007624,            0.007624,            0.007624
                  74,            0.049404,            0.043405,                   0,            0.012562,            0.072727,           0.0031319,          0.00078292,            0.087723,            0.058876,                   0,            0.007591,            0.007591,            0.007591
                  75,            0.046394,            0.040253,                   0,            0.012016,             0.10909,            0.004159,           0.0010863,            0.092577,            0.076591,                   0,            0.007558,            0.007558,            0.007558
                  76,            0.048008,            0.039936,                   0,           0.0017741,            0.018182,          0.00071762,          0.00019159,            0.099082,             0.12222,                   0,            0.007525,            0.007525,            0.007525
                  77,            0.045882,            0.038622,                   0,            0.002381,             0.18182,           0.0014799,          0.00029017,             0.09869,             0.13828,                   0,            0.007492,            0.007492,            0.007492
                  78,            0.046906,            0.039503,                   0,           0.0020605,             0.14545,           0.0011578,          0.00025411,             0.10541,             0.13716,                   0,            0.007459,            0.007459,            0.007459
                  79,            0.048871,            0.039072,                   0,           0.0019048,             0.14545,           0.0010952,          0.00028124,             0.10871,              0.2321,                   0,            0.007426,            0.007426,            0.007426
                  80,             0.04595,            0.039084,                   0,           0.0040273,            0.018182,           0.0018256,          0.00043128,             0.09473,             0.17588,                   0,            0.007393,            0.007393,            0.007393
                  81,            0.046343,            0.038477,                   0,             0.01033,            0.072727,           0.0023138,          0.00051212,            0.095238,             0.11078,                   0,             0.00736,             0.00736,             0.00736
                  82,            0.044185,            0.036336,                   0,           0.0035846,             0.10909,           0.0017772,          0.00046793,             0.10222,             0.26625,                   0,            0.007327,            0.007327,            0.007327
                  83,            0.043657,            0.038421,                   0,            0.017836,             0.14545,           0.0073067,           0.0021129,            0.072023,            0.065235,                   0,            0.007294,            0.007294,            0.007294
                  84,             0.04319,            0.035102,                   0,           0.0042857,             0.32727,           0.0033068,          0.00070045,            0.084776,              0.0741,                   0,            0.007261,            0.007261,            0.007261
                  85,            0.044941,            0.037915,                   0,            0.042536,                 0.2,             0.02544,           0.0091884,            0.065191,             0.09251,                   0,            0.007228,            0.007228,            0.007228
                  86,            0.043331,            0.038746,                   0,            0.053601,             0.21818,            0.030866,           0.0069236,             0.07137,            0.079758,                   0,            0.007195,            0.007195,            0.007195
                  87,            0.044348,            0.033657,                   0,             0.19694,             0.43636,             0.20082,            0.065617,            0.056168,            0.044048,                   0,            0.007162,            0.007162,            0.007162
                  88,            0.042243,            0.036751,                   0,            0.019706,             0.21818,           0.0097199,           0.0020566,            0.096672,            0.041447,                   0,            0.007129,            0.007129,            0.007129
                  89,            0.043743,            0.034917,                   0,            0.046947,            0.072727,             0.01124,           0.0022396,            0.074292,            0.055958,                   0,            0.007096,            0.007096,            0.007096
                  90,            0.045073,             0.03617,                   0,             0.30638,            0.036364,            0.035765,           0.0099138,            0.073868,            0.044693,                   0,            0.007063,            0.007063,            0.007063
                  91,            0.042611,            0.034049,                   0,           0.0044251,             0.10909,           0.0017742,          0.00035619,            0.088484,            0.058388,                   0,             0.00703,             0.00703,             0.00703
                  92,            0.042193,             0.03655,                   0,             0.10716,             0.10909,            0.032151,           0.0097672,            0.064262,            0.058514,                   0,            0.006997,            0.006997,            0.006997
                  93,            0.041865,            0.034451,                   0,             0.16612,             0.10909,            0.084251,             0.03449,            0.067939,            0.041618,                   0,            0.006964,            0.006964,            0.006964
                  94,             0.04417,            0.038761,                   0,             0.03033,            0.054545,           0.0061736,            0.001612,             0.08062,              0.1025,                   0,            0.006931,            0.006931,            0.006931
                  95,            0.040659,            0.033517,                   0,             0.77593,             0.44083,             0.58356,             0.22142,            0.051016,            0.033203,                   0,            0.006898,            0.006898,            0.006898
                  96,            0.040949,            0.034742,                   0,             0.73843,             0.30802,             0.32977,            0.097771,            0.058023,            0.041428,                   0,            0.006865,            0.006865,            0.006865
                  97,            0.040836,            0.035623,                   0,              0.4505,             0.18182,             0.14522,            0.038194,            0.065576,            0.037373,                   0,            0.006832,            0.006832,            0.006832
                  98,            0.040514,            0.033702,                   0,             0.21125,            0.018182,            0.035589,            0.012338,            0.066394,            0.049862,                   0,            0.006799,            0.006799,            0.006799
                  99,            0.040689,             0.02983,                   0,             0.88521,                 0.8,             0.88446,             0.38694,            0.040811,            0.025263,                   0,            0.006766,            0.006766,            0.006766
                 100,            0.038689,            0.031666,                   0,            0.062154,            0.033815,            0.018008,           0.0079614,            0.083359,            0.041264,                   0,            0.006733,            0.006733,            0.006733
                 101,            0.040326,            0.037355,                   0,          0.00071429,            0.054545,          0.00038167,           7.539e-05,            0.087722,            0.043987,                   0,              0.0067,              0.0067,              0.0067
                 102,            0.040822,            0.031973,                   0,           0.0014286,             0.10909,          0.00085004,          0.00016297,            0.085576,            0.042957,                   0,            0.006667,            0.006667,            0.006667
                 103,            0.040116,            0.033067,                   0,            0.005226,             0.36364,           0.0062533,           0.0015465,            0.081587,            0.044891,                   0,            0.006634,            0.006634,            0.006634
                 104,            0.039085,             0.03152,                   0,             0.40172,            0.018182,            0.017189,           0.0050648,            0.083702,            0.046535,                   0,            0.006601,            0.006601,            0.006601
                 105,            0.039557,            0.031733,                   0,             0.19915,             0.21818,             0.16757,            0.057293,            0.059013,            0.045647,                   0,            0.006568,            0.006568,            0.006568
                 106,            0.039159,            0.033504,                   0,             0.18084,            0.072727,            0.028976,           0.0050054,            0.076824,            0.048756,                   0,            0.006535,            0.006535,            0.006535
                 107,            0.039286,            0.032288,                   0,             0.65132,             0.64538,             0.65378,             0.27288,            0.045182,            0.030952,                   0,            0.006502,            0.006502,            0.006502
                 108,            0.037181,            0.031865,                   0,            0.002619,                 0.2,           0.0018278,          0.00028594,            0.080156,            0.045139,                   0,            0.006469,            0.006469,            0.006469
                 109,             0.03658,            0.031695,                   0,             0.78973,                 0.6,              0.7088,             0.26767,            0.050041,            0.028912,                   0,            0.006436,            0.006436,            0.006436
                 110,            0.037506,            0.032447,                   0,             0.74686,             0.53655,             0.57377,             0.21005,            0.052576,            0.036362,                   0,            0.006403,            0.006403,            0.006403
                 111,            0.036316,            0.031859,                   0,              0.6917,             0.70909,             0.72299,             0.28459,             0.04513,            0.030186,                   0,             0.00637,             0.00637,             0.00637
                 112,            0.038521,            0.033859,                   0,             0.92231,             0.81818,               0.866,             0.44871,             0.03906,            0.024628,                   0,            0.006337,            0.006337,            0.006337
                 113,            0.036007,            0.033164,                   0,             0.85746,             0.50909,             0.65738,             0.27416,            0.050989,            0.028625,                   0,            0.006304,            0.006304,            0.006304
                 114,            0.035891,            0.030737,                   0,            0.006135,             0.23636,            0.007099,           0.0026876,            0.063167,            0.059532,                   0,            0.006271,            0.006271,            0.006271
                 115,            0.035035,            0.032374,                   0,             0.90888,             0.90909,             0.92392,             0.48338,            0.035664,            0.021776,                   0,            0.006238,            0.006238,            0.006238
                 116,            0.036478,            0.030948,                   0,             0.86759,             0.52727,             0.62029,             0.27914,            0.048211,            0.029074,                   0,            0.006205,            0.006205,            0.006205
                 117,            0.035224,            0.032912,                   0,              0.8798,             0.66551,             0.74803,             0.38537,            0.041283,            0.027723,                   0,            0.006172,            0.006172,            0.006172
                 118,            0.035889,            0.030401,                   0,             0.73937,             0.32727,             0.40086,             0.14747,            0.054197,            0.041664,                   0,            0.006139,            0.006139,            0.006139
                 119,            0.034528,            0.031555,                   0,             0.90823,             0.70909,             0.81348,             0.44676,               0.038,            0.023876,                   0,            0.006106,            0.006106,            0.006106
                 120,            0.037891,            0.027847,                   0,             0.61412,             0.41818,             0.41434,             0.11761,            0.060876,            0.031219,                   0,            0.006073,            0.006073,            0.006073
                 121,            0.034214,            0.030094,                   0,             0.73647,             0.78182,             0.77549,             0.33098,            0.041064,              0.0273,                   0,             0.00604,             0.00604,             0.00604
                 122,            0.034061,            0.033077,                   0,             0.81393,             0.50909,             0.59295,             0.23421,            0.048768,            0.032795,                   0,            0.006007,            0.006007,            0.006007
                 123,            0.032852,            0.029788,                   0,             0.84073,             0.47273,             0.52895,             0.16239,            0.055143,            0.036362,                   0,            0.005974,            0.005974,            0.005974
                 124,            0.035844,            0.030649,                   0,             0.89214,             0.90243,             0.90633,             0.42303,              0.0368,            0.021538,                   0,            0.005941,            0.005941,            0.005941
                 125,            0.035275,            0.031698,                   0,             0.69674,             0.75197,             0.73031,             0.27603,             0.04723,            0.027514,                   0,            0.005908,            0.005908,            0.005908
                 126,            0.035479,            0.029551,                   0,             0.89615,             0.72727,             0.81933,             0.33661,            0.044456,            0.030823,                   0,            0.005875,            0.005875,            0.005875
                 127,            0.033878,            0.028665,                   0,             0.79729,             0.67273,              0.7395,             0.28396,            0.047083,            0.032513,                   0,            0.005842,            0.005842,            0.005842
                 128,            0.034081,            0.031126,                   0,             0.88004,             0.13387,             0.39592,             0.12559,            0.058424,            0.052597,                   0,            0.005809,            0.005809,            0.005809
                 129,            0.033861,            0.031443,                   0,             0.90894,             0.85455,             0.90745,              0.4561,            0.037574,            0.024771,                   0,            0.005776,            0.005776,            0.005776
                 130,            0.034825,            0.027484,                   0,              0.8256,             0.68863,             0.79116,             0.39801,            0.041138,            0.028894,                   0,            0.005743,            0.005743,            0.005743
                 131,            0.034592,            0.030713,                   0,             0.86913,             0.84535,             0.86977,             0.44401,            0.037564,            0.023445,                   0,             0.00571,             0.00571,             0.00571
                 132,            0.031978,            0.028447,                   0,             0.91378,                 0.8,              0.8916,             0.42215,            0.039309,            0.022997,                   0,            0.005677,            0.005677,            0.005677
                 133,            0.032464,            0.027162,                   0,             0.57868,             0.67273,             0.67087,             0.23574,            0.050013,             0.03463,                   0,            0.005644,            0.005644,            0.005644
                 134,            0.032433,            0.027064,                   0,             0.94911,             0.90909,             0.92575,             0.56661,            0.032155,            0.020916,                   0,            0.005611,            0.005611,            0.005611
                 135,             0.03259,            0.026455,                   0,             0.85981,             0.89214,             0.91447,             0.51549,            0.035363,            0.022182,                   0,            0.005578,            0.005578,            0.005578
                 136,            0.033075,            0.029135,                   0,             0.92134,             0.85455,             0.88457,             0.45256,            0.038298,            0.024368,                   0,            0.005545,            0.005545,            0.005545
                 137,            0.031866,            0.028995,                   0,             0.92507,             0.94545,             0.96013,             0.52057,            0.034155,            0.020515,                   0,            0.005512,            0.005512,            0.005512
                 138,            0.033097,            0.029271,                   0,             0.95485,             0.92727,             0.95592,             0.54123,            0.031532,            0.020247,                   0,            0.005479,            0.005479,            0.005479
                 139,            0.032703,            0.027543,                   0,             0.89462,             0.92612,             0.94417,             0.49043,            0.036937,            0.022051,                   0,            0.005446,            0.005446,            0.005446
                 140,            0.034106,             0.02886,                   0,             0.95565,             0.90909,             0.92912,             0.49914,            0.032969,             0.02162,                   0,            0.005413,            0.005413,            0.005413
                 141,            0.031412,            0.028957,                   0,             0.92093,             0.92727,             0.92445,             0.49954,            0.035009,            0.021416,                   0,             0.00538,             0.00538,             0.00538
                 142,            0.032805,            0.029172,                   0,             0.95618,             0.90909,             0.94066,             0.54561,            0.030595,            0.020807,                   0,            0.005347,            0.005347,            0.005347
                 143,            0.031922,            0.026159,                   0,             0.79927,             0.14486,              0.3539,            0.084891,            0.058643,            0.055031,                   0,            0.005314,            0.005314,            0.005314
                 144,            0.030936,             0.02883,                   0,             0.95155,             0.92727,             0.94405,             0.58827,             0.02974,            0.019646,                   0,            0.005281,            0.005281,            0.005281
                 145,            0.033005,            0.029397,                   0,             0.79458,             0.35182,             0.58881,             0.23795,            0.048129,            0.043282,                   0,            0.005248,            0.005248,            0.005248
                 146,            0.032987,            0.027585,                   0,             0.83921,             0.70909,             0.79616,             0.36219,             0.04182,              0.0322,                   0,            0.005215,            0.005215,            0.005215
                 147,            0.029976,            0.026979,                   0,             0.96114,             0.89949,               0.949,             0.56651,            0.030372,            0.020634,                   0,            0.005182,            0.005182,            0.005182
                 148,            0.031254,             0.02654,                   0,             0.79834,             0.52727,             0.58863,             0.27708,            0.042894,            0.035793,                   0,            0.005149,            0.005149,            0.005149
                 149,            0.030481,            0.026355,                   0,             0.92203,             0.90909,             0.94987,             0.56217,            0.030907,            0.019323,                   0,            0.005116,            0.005116,            0.005116
                 150,            0.031172,            0.030517,                   0,             0.95568,             0.89091,             0.92772,             0.52444,            0.033653,            0.020887,                   0,            0.005083,            0.005083,            0.005083
                 151,            0.030968,            0.025693,                   0,              0.9241,             0.88552,             0.92246,             0.53553,            0.033264,            0.020761,                   0,             0.00505,             0.00505,             0.00505
                 152,            0.030599,             0.02719,                   0,             0.88332,             0.87273,             0.91304,             0.48717,            0.033443,             0.02334,                   0,            0.005017,            0.005017,            0.005017
                 153,            0.030409,            0.028018,                   0,             0.80932,             0.78182,              0.7981,             0.40451,            0.039818,            0.023758,                   0,            0.004984,            0.004984,            0.004984
                 154,            0.031322,            0.025239,                   0,             0.94353,             0.91136,             0.92777,             0.52601,            0.031104,            0.020472,                   0,            0.004951,            0.004951,            0.004951
                 155,            0.029249,            0.025511,                   0,             0.92381,             0.67273,             0.84458,             0.37611,            0.042976,             0.02969,                   0,            0.004918,            0.004918,            0.004918
                 156,            0.031357,            0.028059,                   0,             0.82731,               0.784,             0.84972,             0.47509,            0.039076,            0.022533,                   0,            0.004885,            0.004885,            0.004885
                 157,            0.030148,            0.025131,                   0,             0.88844,             0.72403,             0.79333,             0.37394,            0.042666,            0.026087,                   0,            0.004852,            0.004852,            0.004852
                 158,            0.028815,             0.02614,                   0,             0.93692,             0.87273,             0.94393,             0.55497,            0.030918,            0.020563,                   0,            0.004819,            0.004819,            0.004819
                 159,            0.028959,            0.024237,                   0,             0.93471,             0.72727,             0.81389,             0.36967,            0.042046,            0.027681,                   0,            0.004786,            0.004786,            0.004786
                 160,            0.029942,            0.026589,                   0,             0.90726,             0.88937,             0.94245,             0.51164,            0.032673,            0.021011,                   0,            0.004753,            0.004753,            0.004753
                 161,            0.030077,            0.025717,                   0,             0.95801,             0.82978,             0.89515,             0.42115,            0.038217,            0.024809,                   0,             0.00472,             0.00472,             0.00472
                 162,             0.02962,            0.027269,                   0,             0.93366,             0.81818,             0.85756,             0.46461,            0.034572,            0.025793,                   0,            0.004687,            0.004687,            0.004687
                 163,            0.029706,            0.026583,                   0,             0.29474,             0.25455,             0.21004,            0.077606,            0.057276,            0.046093,                   0,            0.004654,            0.004654,            0.004654
                 164,            0.028945,            0.027115,                   0,             0.86553,             0.81921,             0.91049,             0.51315,            0.034777,            0.021582,                   0,            0.004621,            0.004621,            0.004621
                 165,            0.027035,            0.024465,                   0,             0.92286,             0.87014,              0.8956,             0.56808,            0.029354,            0.021446,                   0,            0.004588,            0.004588,            0.004588
                 166,            0.027875,            0.027941,                   0,             0.39649,             0.36364,             0.32578,             0.11187,            0.055679,            0.040966,                   0,            0.004555,            0.004555,            0.004555
                 167,             0.02869,            0.024495,                   0,             0.87769,                 0.8,             0.83279,             0.38163,            0.040717,            0.028183,                   0,            0.004522,            0.004522,            0.004522
                 168,            0.029444,            0.026232,                   0,             0.86472,             0.81363,             0.85593,             0.46051,            0.034426,            0.022993,                   0,            0.004489,            0.004489,            0.004489
                 169,             0.02698,            0.023192,                   0,             0.96535,             0.50658,             0.63795,             0.22782,            0.050246,            0.032997,                   0,            0.004456,            0.004456,            0.004456
                 170,            0.026593,             0.02644,                   0,              0.9639,                 0.6,             0.78804,             0.38472,            0.039277,            0.029247,                   0,            0.004423,            0.004423,            0.004423
                 171,            0.029551,            0.024109,                   0,             0.81507,             0.80138,             0.81897,             0.32538,            0.044195,            0.026026,                   0,             0.00439,             0.00439,             0.00439
                 172,            0.028354,            0.026812,                   0,             0.94348,             0.92727,             0.94249,             0.60138,            0.027514,            0.018167,                   0,            0.004357,            0.004357,            0.004357
                 173,            0.026869,            0.025497,                   0,             0.92218,             0.89091,             0.92132,             0.55995,             0.03144,            0.019215,                   0,            0.004324,            0.004324,            0.004324
                 174,             0.02756,            0.024875,                   0,             0.88814,             0.86626,             0.91979,             0.51135,            0.032448,            0.021338,                   0,            0.004291,            0.004291,            0.004291
                 175,            0.026652,             0.02351,                   0,             0.87205,             0.49581,              0.6353,             0.33863,            0.046115,            0.038336,                   0,            0.004258,            0.004258,            0.004258
                 176,            0.027241,            0.022981,                   0,             0.74386,             0.74545,             0.81311,             0.31997,            0.047631,            0.027313,                   0,            0.004225,            0.004225,            0.004225
                 177,            0.027941,             0.02543,                   0,             0.91518,             0.72727,             0.85631,             0.46403,            0.034142,            0.023743,                   0,            0.004192,            0.004192,            0.004192
                 178,            0.027292,            0.022517,                   0,             0.93737,             0.89091,             0.91392,             0.54228,            0.031111,            0.021955,                   0,            0.004159,            0.004159,            0.004159
                 179,            0.026574,            0.025476,                   0,             0.92577,               0.907,             0.92713,              0.5885,            0.028247,            0.020237,                   0,            0.004126,            0.004126,            0.004126
                 180,            0.028315,            0.024163,                   0,             0.94251,             0.89425,             0.94501,             0.60294,            0.027849,            0.020571,                   0,            0.004093,            0.004093,            0.004093
                 181,            0.027564,            0.024811,                   0,             0.92282,             0.92727,             0.93071,             0.59799,            0.027968,            0.020109,                   0,             0.00406,             0.00406,             0.00406
                 182,            0.028327,            0.024842,                   0,             0.93906,             0.90909,             0.95885,             0.60963,            0.029151,            0.019722,                   0,            0.004027,            0.004027,            0.004027
                 183,            0.027243,            0.025329,                   0,             0.91294,             0.57212,             0.73317,             0.29856,            0.046786,            0.030775,                   0,            0.003994,            0.003994,            0.003994
                 184,            0.027697,            0.025411,                   0,             0.95066,             0.83636,             0.93467,             0.51579,            0.032576,            0.023554,                   0,            0.003961,            0.003961,            0.003961
                 185,            0.028144,            0.023433,                   0,             0.90453,             0.92727,             0.90982,             0.51978,            0.030714,            0.022617,                   0,            0.003928,            0.003928,            0.003928
                 186,            0.027173,            0.027057,                   0,              0.9375,             0.89091,             0.91778,             0.59565,            0.028855,            0.021385,                   0,            0.003895,            0.003895,            0.003895
                 187,            0.026651,            0.025814,                   0,             0.88455,             0.94545,             0.96203,              0.6373,            0.027011,            0.020273,                   0,            0.003862,            0.003862,            0.003862
                 188,            0.025175,            0.023253,                   0,             0.94538,              0.9441,              0.9705,             0.60165,            0.027247,            0.018967,                   0,            0.003829,            0.003829,            0.003829
                 189,             0.02566,            0.023382,                   0,             0.90451,             0.90909,             0.94876,             0.57799,            0.028739,            0.019756,                   0,            0.003796,            0.003796,            0.003796
                 190,             0.02689,            0.024456,                   0,             0.94623,             0.95985,             0.97303,             0.63677,            0.026779,            0.018347,                   0,            0.003763,            0.003763,            0.003763
                 191,            0.025413,            0.024549,                   0,             0.96283,             0.94211,             0.95689,             0.61562,            0.028164,            0.019211,                   0,             0.00373,             0.00373,             0.00373
                 192,            0.025733,            0.021737,                   0,             0.89748,             0.92727,             0.93099,             0.55863,             0.03075,            0.019825,                   0,            0.003697,            0.003697,            0.003697
                 193,            0.026366,            0.023529,                   0,             0.95815,             0.92727,             0.96599,             0.63722,            0.026951,            0.018866,                   0,            0.003664,            0.003664,            0.003664
                 194,            0.026181,            0.023527,                   0,             0.83125,             0.89567,              0.8913,             0.43375,            0.037145,            0.024019,                   0,            0.003631,            0.003631,            0.003631
                 195,            0.026425,            0.025474,                   0,             0.94127,             0.94545,             0.95839,             0.58656,            0.028796,             0.01948,                   0,            0.003598,            0.003598,            0.003598
                 196,            0.025369,            0.023061,                   0,             0.94623,             0.95992,             0.96098,             0.64145,            0.026358,            0.018471,                   0,            0.003565,            0.003565,            0.003565
                 197,            0.025698,             0.02324,                   0,             0.92099,             0.90909,             0.92636,             0.55422,            0.031765,            0.021488,                   0,            0.003532,            0.003532,            0.003532
                 198,            0.025846,            0.024343,                   0,             0.92306,             0.90909,             0.95872,             0.59535,             0.02749,            0.019363,                   0,            0.003499,            0.003499,            0.003499
                 199,            0.026968,            0.025562,                   0,             0.91701,             0.89091,             0.93903,             0.54884,            0.029576,            0.021101,                   0,            0.003466,            0.003466,            0.003466
                 200,            0.026689,            0.022207,                   0,              0.9213,             0.85148,             0.87827,              0.5025,            0.033224,            0.023159,                   0,            0.003433,            0.003433,            0.003433
                 201,            0.027598,            0.024614,                   0,             0.96036,             0.92727,              0.9475,             0.60313,             0.02775,            0.019726,                   0,              0.0034,              0.0034,              0.0034
                 202,            0.025595,            0.023761,                   0,             0.90876,             0.90546,              0.9396,             0.51685,            0.030743,            0.021551,                   0,            0.003367,            0.003367,            0.003367
                 203,            0.025569,            0.022425,                   0,             0.90769,             0.89091,             0.94938,             0.55491,            0.030588,            0.019722,                   0,            0.003334,            0.003334,            0.003334
                 204,            0.025526,            0.022992,                   0,             0.96011,             0.92727,             0.95574,             0.62594,            0.025839,            0.018772,                   0,            0.003301,            0.003301,            0.003301
                 205,            0.024322,             0.02269,                   0,             0.81141,             0.70411,             0.77823,             0.36394,            0.042618,            0.032101,                   0,            0.003268,            0.003268,            0.003268
                 206,            0.024533,            0.023239,                   0,             0.93837,             0.89091,             0.92249,             0.57405,            0.028918,            0.020306,                   0,            0.003235,            0.003235,            0.003235
                 207,            0.024252,            0.023821,                   0,             0.89275,             0.90806,             0.90732,             0.48155,            0.033199,            0.023129,                   0,            0.003202,            0.003202,            0.003202
                 208,            0.026309,            0.022271,                   0,             0.94769,             0.87273,             0.94587,             0.57823,            0.029191,            0.021538,                   0,            0.003169,            0.003169,            0.003169
                 209,            0.024889,             0.02186,                   0,             0.96095,             0.92727,             0.94869,             0.64665,            0.025296,            0.019203,                   0,            0.003136,            0.003136,            0.003136
                 210,            0.026316,            0.023327,                   0,             0.94331,             0.90761,             0.93044,             0.56739,            0.030317,             0.02203,                   0,            0.003103,            0.003103,            0.003103
                 211,            0.025611,            0.023908,                   0,             0.95807,             0.92727,              0.9423,             0.57467,             0.02873,            0.020559,                   0,             0.00307,             0.00307,             0.00307
                 212,             0.02474,            0.021303,                   0,             0.94215,             0.88836,             0.94937,             0.60041,            0.027611,            0.019829,                   0,            0.003037,            0.003037,            0.003037
                 213,            0.025323,            0.023045,                   0,             0.89525,             0.77703,             0.87353,             0.44092,            0.035554,            0.025892,                   0,            0.003004,            0.003004,            0.003004
                 214,            0.025666,            0.021982,                   0,             0.92677,             0.92052,             0.91853,             0.58453,            0.029266,            0.021212,                   0,            0.002971,            0.002971,            0.002971
                 215,            0.022944,            0.021119,                   0,             0.93602,             0.90909,             0.93463,             0.60559,            0.027934,            0.020578,                   0,            0.002938,            0.002938,            0.002938
                 216,            0.022943,            0.022716,                   0,             0.96288,             0.94326,             0.95036,             0.62642,            0.027212,            0.020144,                   0,            0.002905,            0.002905,            0.002905
                 217,            0.024892,             0.02379,                   0,             0.93972,              0.8504,             0.92575,             0.55435,            0.030902,            0.021877,                   0,            0.002872,            0.002872,            0.002872
                 218,            0.023042,             0.02031,                   0,              0.9204,             0.89091,             0.92461,             0.56305,            0.030419,            0.021826,                   0,            0.002839,            0.002839,            0.002839
                 219,            0.025161,            0.022396,                   0,             0.94214,             0.89091,             0.91734,             0.54568,             0.03071,            0.022196,                   0,            0.002806,            0.002806,            0.002806
                 220,            0.024635,            0.021168,                   0,             0.92268,             0.86799,             0.91927,             0.51018,            0.031959,            0.022829,                   0,            0.002773,            0.002773,            0.002773
                 221,            0.024603,            0.022666,                   0,             0.93968,             0.84983,             0.90199,             0.48992,            0.033278,            0.024363,                   0,             0.00274,             0.00274,             0.00274
                 222,            0.024768,            0.022029,                   0,             0.94336,             0.94545,             0.95274,             0.62036,            0.027044,            0.019054,                   0,            0.002707,            0.002707,            0.002707
                 223,            0.023333,            0.021079,                   0,             0.93972,             0.90909,             0.91815,             0.51639,            0.032745,            0.021786,                   0,            0.002674,            0.002674,            0.002674
                 224,            0.024457,            0.020293,                   0,             0.95877,             0.90909,             0.94249,             0.58608,            0.029907,             0.02009,                   0,            0.002641,            0.002641,            0.002641
                 225,            0.022996,            0.022832,                   0,             0.96039,             0.92727,             0.94441,             0.61312,            0.027812,            0.018711,                   0,            0.002608,            0.002608,            0.002608
                 226,            0.022885,            0.020865,                   0,             0.94542,             0.94489,             0.94129,             0.61821,            0.027253,            0.018816,                   0,            0.002575,            0.002575,            0.002575
                 227,            0.024892,            0.023969,                   0,             0.94411,             0.92147,             0.93335,             0.60294,            0.028035,            0.019037,                   0,            0.002542,            0.002542,            0.002542
                 228,            0.024154,            0.020736,                   0,             0.94263,             0.94545,             0.93459,             0.58136,            0.028618,            0.019186,                   0,            0.002509,            0.002509,            0.002509
                 229,            0.025341,             0.02403,                   0,              0.9252,             0.92727,             0.91466,             0.56182,            0.029923,            0.020765,                   0,            0.002476,            0.002476,            0.002476
                 230,            0.025911,            0.024321,                   0,             0.96293,             0.94466,             0.93157,             0.63098,            0.026618,            0.019588,                   0,            0.002443,            0.002443,            0.002443
                 231,            0.023667,            0.022924,                   0,             0.96289,             0.94363,             0.94575,             0.64604,            0.025974,            0.019217,                   0,             0.00241,             0.00241,             0.00241
                 232,            0.022654,            0.021939,                   0,             0.94527,             0.94206,             0.94782,             0.63844,            0.026569,            0.019415,                   0,            0.002377,            0.002377,            0.002377
                 233,            0.023358,            0.022139,                   0,             0.94544,             0.94524,             0.94838,             0.63704,            0.025542,            0.019194,                   0,            0.002344,            0.002344,            0.002344
                 234,            0.023109,            0.020951,                   0,             0.94423,             0.92357,             0.94381,              0.6205,            0.026525,            0.019083,                   0,            0.002311,            0.002311,            0.002311
                 235,            0.023464,            0.020989,                   0,             0.95793,             0.92727,             0.95022,             0.60883,            0.026809,             0.01972,                   0,            0.002278,            0.002278,            0.002278
                 236,            0.023694,            0.019917,                   0,              0.9629,             0.94379,             0.95394,             0.60879,            0.027136,            0.019674,                   0,            0.002245,            0.002245,            0.002245
                 237,            0.023339,             0.02019,                   0,             0.94388,             0.94545,             0.95355,             0.65929,            0.026038,            0.019293,                   0,            0.002212,            0.002212,            0.002212
                 238,            0.022455,            0.022494,                   0,             0.94373,             0.94545,             0.95515,             0.64508,            0.026196,             0.01931,                   0,            0.002179,            0.002179,            0.002179
                 239,            0.023123,            0.023871,                   0,             0.93999,             0.92727,              0.9579,             0.63716,            0.026016,            0.019501,                   0,            0.002146,            0.002146,            0.002146
                 240,            0.023198,             0.02137,                   0,             0.93993,             0.90909,             0.92335,             0.58374,            0.028776,            0.019815,                   0,            0.002113,            0.002113,            0.002113
                 241,            0.022463,            0.022733,                   0,             0.96053,             0.94545,             0.95504,             0.65014,            0.026067,            0.019197,                   0,             0.00208,             0.00208,             0.00208
                 242,            0.021412,             0.02203,                   0,             0.96284,             0.94215,             0.94998,             0.61825,            0.027455,            0.019562,                   0,            0.002047,            0.002047,            0.002047
                 243,            0.022086,            0.020788,                   0,              0.9425,             0.94545,             0.94945,             0.61637,            0.026881,            0.019497,                   0,            0.002014,            0.002014,            0.002014
                 244,            0.021566,            0.019754,                   0,             0.94433,             0.92529,             0.94022,             0.60845,             0.02788,            0.019289,                   0,            0.001981,            0.001981,            0.001981
                 245,            0.022049,            0.021794,                   0,             0.94361,             0.94545,             0.94516,             0.59531,            0.028223,            0.019932,                   0,            0.001948,            0.001948,            0.001948
                 246,            0.023601,            0.021548,                   0,              0.9629,             0.94389,             0.95227,             0.64271,            0.026185,            0.019253,                   0,            0.001915,            0.001915,            0.001915
                 247,            0.022229,            0.021663,                   0,             0.96289,             0.94356,             0.94108,             0.59838,            0.027458,            0.020407,                   0,            0.001882,            0.001882,            0.001882
                 248,            0.022865,             0.02024,                   0,              0.9577,             0.92727,             0.93868,              0.6145,            0.027489,            0.019434,                   0,            0.001849,            0.001849,            0.001849
                 249,            0.022091,            0.019015,                   0,             0.94285,             0.92727,             0.92821,             0.61466,            0.025896,            0.019287,                   0,            0.001816,            0.001816,            0.001816
                 250,            0.021801,            0.021087,                   0,             0.94537,             0.94396,             0.94913,             0.62009,            0.025502,            0.019053,                   0,            0.001783,            0.001783,            0.001783
                 251,            0.022698,            0.021621,                   0,             0.95988,             0.92727,             0.93156,             0.59493,            0.027848,            0.020794,                   0,             0.00175,             0.00175,             0.00175
                 252,            0.022238,            0.020562,                   0,             0.96003,             0.92727,              0.9452,             0.64988,            0.026051,            0.019892,                   0,            0.001717,            0.001717,            0.001717
                 253,            0.022446,            0.021692,                   0,             0.94265,             0.92727,              0.9417,              0.6286,            0.025278,            0.019905,                   0,            0.001684,            0.001684,            0.001684
                 254,            0.021586,            0.020779,                   0,             0.94522,             0.94123,             0.94859,             0.62668,            0.025614,            0.018896,                   0,            0.001651,            0.001651,            0.001651
                 255,            0.021832,             0.02183,                   0,             0.94442,             0.92683,              0.9483,             0.63282,            0.025543,            0.019165,                   0,            0.001618,            0.001618,            0.001618
                 256,            0.023118,            0.022822,                   0,             0.94514,             0.93983,             0.95016,              0.6262,            0.026266,            0.019993,                   0,            0.001585,            0.001585,            0.001585
                 257,            0.021254,            0.019641,                   0,             0.94332,             0.94545,             0.94981,             0.63571,            0.025955,            0.019846,                   0,            0.001552,            0.001552,            0.001552
                 258,            0.022249,            0.022711,                   0,             0.94433,             0.92521,             0.93381,             0.62581,            0.027439,            0.020239,                   0,            0.001519,            0.001519,            0.001519
                 259,            0.023244,             0.02334,                   0,             0.96221,             0.92603,             0.94522,             0.65986,            0.025198,            0.019321,                   0,            0.001486,            0.001486,            0.001486
                 260,            0.021526,            0.020951,                   0,             0.94264,             0.92727,             0.93315,             0.62883,            0.027261,            0.020311,                   0,            0.001453,            0.001453,            0.001453
                 261,             0.02184,            0.021395,                   0,             0.92587,             0.94545,             0.94084,             0.62332,            0.026536,            0.019642,                   0,             0.00142,             0.00142,             0.00142
                 262,            0.021196,            0.021864,                   0,             0.93989,             0.92727,             0.93724,             0.60613,             0.02735,            0.020281,                   0,            0.001387,            0.001387,            0.001387
                 263,            0.022833,             0.02161,                   0,             0.94525,             0.94172,             0.95235,             0.66884,            0.025263,            0.018711,                   0,            0.001354,            0.001354,            0.001354
                 264,            0.021255,            0.022705,                   0,             0.95612,             0.90909,             0.93969,             0.60815,            0.027563,            0.019522,                   0,            0.001321,            0.001321,            0.001321
                 265,            0.021564,            0.020024,                   0,             0.92961,             0.96056,             0.95691,             0.65316,            0.025035,            0.018557,                   0,            0.001288,            0.001288,            0.001288
                 266,            0.021703,            0.022407,                   0,             0.94542,             0.94487,             0.95535,             0.64999,            0.025913,            0.019081,                   0,            0.001255,            0.001255,            0.001255
                 267,            0.020502,            0.020337,                   0,               0.909,              0.9081,              0.9104,             0.56256,            0.029385,            0.020367,                   0,            0.001222,            0.001222,            0.001222
                 268,            0.022054,            0.021026,                   0,             0.94536,              0.9438,             0.95245,             0.63872,            0.026099,            0.019184,                   0,            0.001189,            0.001189,            0.001189
                 269,            0.021998,            0.021182,                   0,             0.94529,             0.94253,             0.95544,             0.65447,            0.025117,            0.018894,                   0,            0.001156,            0.001156,            0.001156
                 270,            0.021524,            0.019672,                   0,              0.9544,             0.92727,             0.94973,             0.61805,            0.026605,            0.019424,                   0,            0.001123,            0.001123,            0.001123
                 271,            0.021654,            0.021106,                   0,             0.96212,              0.9237,             0.93141,             0.59003,            0.028612,            0.020308,                   0,             0.00109,             0.00109,             0.00109
                 272,            0.020166,            0.018355,                   0,             0.96148,             0.94545,             0.96102,             0.62519,            0.025516,            0.019054,                   0,            0.001057,            0.001057,            0.001057
                 273,            0.022116,            0.019315,                   0,             0.94286,             0.92727,             0.94968,             0.63539,            0.025104,            0.019363,                   0,            0.001024,            0.001024,            0.001024
                 274,            0.021968,            0.019811,                   0,             0.94537,             0.94401,             0.95453,             0.63958,            0.024883,            0.019087,                   0,            0.000991,            0.000991,            0.000991
                 275,              0.0217,            0.020899,                   0,              0.9629,             0.94376,             0.96334,             0.63682,            0.025516,            0.019411,                   0,            0.000958,            0.000958,            0.000958
                 276,             0.02152,             0.02075,                   0,             0.96288,             0.94324,             0.95392,             0.61421,            0.027213,             0.02033,                   0,            0.000925,            0.000925,            0.000925
                 277,            0.021693,            0.022345,                   0,             0.96289,              0.9435,             0.96233,             0.63776,            0.025812,            0.019665,                   0,            0.000892,            0.000892,            0.000892
                 278,             0.02182,            0.019409,                   0,             0.94532,             0.94297,              0.9599,              0.6339,            0.026406,            0.019602,                   0,            0.000859,            0.000859,            0.000859
                 279,            0.020692,            0.021404,                   0,             0.94518,             0.94057,             0.96085,             0.63224,             0.02556,             0.01944,                   0,            0.000826,            0.000826,            0.000826
                 280,            0.021965,            0.021214,                   0,             0.96175,             0.94545,             0.96382,             0.63059,            0.025307,            0.019417,                   0,            0.000793,            0.000793,            0.000793
                 281,            0.021184,            0.021574,                   0,             0.95883,             0.92727,             0.95797,             0.63085,            0.026089,            0.019842,                   0,             0.00076,             0.00076,             0.00076
                 282,            0.021223,            0.019863,                   0,             0.95962,             0.92727,             0.95714,             0.63015,            0.025999,            0.020016,                   0,            0.000727,            0.000727,            0.000727
                 283,            0.021146,            0.020882,                   0,             0.96033,             0.92727,              0.9531,             0.64377,             0.02557,            0.019783,                   0,            0.000694,            0.000694,            0.000694
                 284,            0.020238,            0.018482,                   0,             0.96129,             0.92727,             0.94794,             0.66102,            0.025906,            0.019365,                   0,            0.000661,            0.000661,            0.000661
                 285,             0.02068,            0.019966,                   0,             0.96056,             0.92727,             0.95014,             0.64675,            0.026177,            0.019108,                   0,            0.000628,            0.000628,            0.000628
                 286,            0.020358,            0.020572,                   0,             0.94408,             0.94545,             0.95853,              0.6615,            0.025175,            0.018766,                   0,            0.000595,            0.000595,            0.000595
                 287,            0.020109,            0.018069,                   0,             0.94494,             0.94545,             0.96063,             0.65819,            0.025186,            0.018688,                   0,            0.000562,            0.000562,            0.000562
                 288,            0.020043,            0.019067,                   0,             0.94544,              0.9452,             0.96207,             0.65958,            0.025098,            0.018562,                   0,            0.000529,            0.000529,            0.000529
                 289,            0.020072,            0.020002,                   0,             0.94397,             0.94545,             0.96062,              0.6621,            0.024369,            0.018375,                   0,            0.000496,            0.000496,            0.000496
                 290,            0.020533,             0.02142,                   0,             0.96295,             0.94505,             0.96355,             0.67315,             0.02429,            0.018566,                   0,            0.000463,            0.000463,            0.000463
                 291,            0.020347,             0.01961,                   0,             0.96079,             0.94545,             0.96034,             0.66708,            0.025234,            0.019108,                   0,             0.00043,             0.00043,             0.00043
                 292,            0.020597,             0.01986,                   0,             0.96125,             0.94545,             0.95833,             0.65854,            0.024784,            0.018896,                   0,            0.000397,            0.000397,            0.000397
                 293,            0.020417,            0.020383,                   0,             0.96098,             0.94545,             0.95777,             0.65919,            0.024955,            0.019077,                   0,            0.000364,            0.000364,            0.000364
                 294,            0.020063,             0.02104,                   0,             0.96059,             0.94545,             0.95782,             0.66375,             0.02476,            0.018856,                   0,            0.000331,            0.000331,            0.000331
                 295,            0.020135,            0.020672,                   0,             0.96294,             0.94497,             0.96041,             0.67685,            0.024237,            0.018568,                   0,            0.000298,            0.000298,            0.000298
                 296,            0.019473,            0.020821,                   0,             0.96289,             0.94358,             0.96231,             0.66467,            0.024087,             0.01848,                   0,            0.000265,            0.000265,            0.000265
                 297,            0.019847,            0.020836,                   0,             0.96294,             0.94475,             0.96561,             0.67865,            0.023981,            0.018509,                   0,            0.000232,            0.000232,            0.000232
                 298,            0.020309,            0.020236,                   0,             0.96236,             0.94545,             0.96679,             0.68016,            0.023894,             0.01848,                   0,            0.000199,            0.000199,            0.000199
                 299,            0.020162,            0.019675,                   0,             0.96183,             0.94545,             0.96609,             0.67974,            0.023856,            0.018452,                   0,            0.000166,            0.000166,            0.000166
